Susceptible,Infected,Recovered
9558,417,25
8437,1444,119
5602,4039,359
2312,6746,942
706,7583,1711
233,7270,2497
87,6720,3193
33,6100,3867
12,5514,4474
4,4969,5027
3,4482,5515
0,4046,5954
0,3663,6337
0,3318,6682
0,2964,7036
0,2662,7338
0,2391,7609
0,2158,7842
0,1951,8049
0,1790,8210
0,1623,8377
0,1469,8531
0,1307,8693
0,1177,8823
0,1047,8953
0,932,9068
0,843,9157
0,764,9236
0,688,9312
0,609,9391
0,549,9451
0,487,9513
0,439,9561
0,401,9599
0,359,9641
0,321,9679
0,287,9713
0,257,9743
0,232,9768
0,203,9797
0,188,9812
0,166,9834
0,149,9851
0,131,9869
0,118,9882
0,106,9894
0,97,9903
0,84,9916
0,77,9923
0,68,9932
0,61,9939
0,52,9948
0,47,9953
0,39,9961
0,36,9964
0,33,9967
0,33,9967
0,30,9970
0,28,9972
0,27,9973
0,23,9977
0,17,9983
0,15,9985
0,13,9987
0,12,9988
0,11,9989
0,11,9989
0,10,9990
0,10,9990
0,7,9993
0,6,9994
0,5,9995
0,5,9995
0,4,9996
0,4,9996
0,4,9996
0,4,9996
0,3,9997
0,3,9997
0,3,9997
0,2,9998
0,2,9998
0,2,9998
0,1,9999
0,1,9999
0,1,9999
0,1,9999
0,1,9999
0,1,9999
0,0,10000
0,0,10000
0,0,10000
0,0,10000
0,0,10000
0,0,10000
0,0,10000
0,0,10000
0,0,10000
0,0,10000
0,0,10000
