Day,Susceptible,Infected,Recovered,experiment
0.0,99900.0,100.0,0.0,Baseline
1.0101010101010102,99866.4641217539,122.34418374439316,11.191694501696842,Baseline
2.0202020202020203,99825.45254538319,149.66414366899087,24.88331094782459,Baseline
3.0303030303030303,99775.30926812322,183.0595628903999,41.63116898638526,Baseline
4.040404040404041,99714.01663354329,223.86901747046744,62.114348986266535,Baseline
5.050505050505051,99639.1189134445,273.7198198603644,87.16126669514895,Baseline
6.0606060606060606,99547.63101572356,334.58723879956335,117.78174547689862,Baseline
7.070707070707071,99435.93006783111,408.86433819429,155.2055939746149,Baseline
8.080808080808081,99299.62759655798,499.44357310025345,200.92883034177223,Baseline
9.090909090909092,99133.42030131457,609.8109308311081,256.768767854344,Baseline
10.101010101010102,98930.91792305934,744.1528141363672,324.92926280432414,Baseline
11.111111111111112,98684.44791378199,907.4747208445639,408.07736537348137,Baseline
12.121212121212121,98384.83852905859,1105.7290188319319,509.4324521095284,Baseline
13.131313131313131,98021.18518578519,1345.9463093324837,632.8685048823692,Baseline
14.141414141414142,97580.6096416504,1636.3608941340126,783.0294642156406,Baseline
15.151515151515152,97048.02854270577,1986.5151103329645,965.4563469613023,Baseline
16.161616161616163,96405.95744128621,2407.3196529193297,1186.7229057945033,Baseline
17.171717171717173,95634.38881237758,2911.0373493196357,1454.5738383028167,Baseline
18.181818181818183,94710.79783588198,3511.1464658835266,1778.0556982345158,Baseline
19.191919191919194,93610.34657796308,4222.027812419922,2167.6256096170173,Baseline
20.202020202020204,92306.37276174652,5058.410487355659,2635.216750897849,Baseline
21.212121212121215,90771.25859642866,6034.508583243065,3194.232820328315,Baseline
22.222222222222225,88977.77040596001,7162.792397476764,3859.437196563279,Baseline
23.232323232323235,86900.92979551933,8452.371847328957,4646.698357151748,Baseline
24.242424242424242,84520.41197886218,9907.034193266576,5572.5538278712975,Baseline
25.252525252525253,81823.35884352028,11523.077211544765,6653.563944934999,Baseline
26.262626262626263,78807.35052576695,13287.20253545772,7905.446938775387,Baseline
27.272727272727273,75483.12146705066,15174.858281090705,9342.020251858681,Baseline
28.282828282828284,71876.4867942452,17149.496583781136,10974.016621973718,Baseline
29.292929292929294,68028.9245385777,19163.185108780355,12807.890352642,Baseline
30.303030303030305,63996.39178869428,21158.842038453186,14844.76617285259,Baseline
31.313131313131315,59846.25290095928,23074.051454501147,17079.695644539635,Baseline
32.323232323232325,55652.600984211196,24846.03645290734,19501.362562881524,Baseline
33.333333333333336,51490.64487099319,26417.03672297784,22092.318406029033,Baseline
34.343434343434346,47431.064290082664,27739.1921307091,24829.74357920829,Baseline
35.35353535353536,43535.22649571425,28778.1312681875,27686.64223609831,Baseline
36.36363636363637,39851.9093467745,29514.7786700452,30633.311983180352,Baseline
37.37373737373738,36415.79606962511,29945.30272245677,33638.90120791818,Baseline
38.38383838383839,33247.62457894248,30079.497062183127,36672.878358874455,Baseline
39.3939393939394,30355.608096232405,29938.112089944625,39706.27981382303,Baseline
40.40404040404041,27737.627699370194,29549.712601921146,42712.65969870872,Baseline
41.41414141414142,25383.722023522296,28947.558399845428,45668.71957663234,Baseline
42.42424242424243,23278.507371493895,28166.85276918195,48554.63985932423,Baseline
43.43434343434344,21403.295585683638,27242.544503112393,51354.159911204035,Baseline
44.44444444444445,19737.802540101373,26207.730704150366,54054.466755748326,Baseline
45.45454545454546,18261.42982617058,25092.618955477406,56645.95121835208,Baseline
46.46464646464647,16954.1594554107,23923.956769910354,59121.88377467901,Baseline
47.47474747474748,15797.128108725776,22724.820108522716,61478.051782751565,Baseline
48.484848484848484,14772.95339462201,21514.657523161783,63712.389082216265,Baseline
49.494949494949495,13865.879704413266,20309.50107259393,65824.61922299286,Baseline
50.505050505050505,13061.799940477349,19122.27473027361,67815.9253292491,Baseline
51.515151515151516,12348.197180274849,17963.14900292433,69688.65381680087,Baseline
52.525252525252526,11714.039065074954,16839.90617502419,71446.0547599009,Baseline
53.535353535353536,11149.647940042152,15758.293405516946,73092.05865444096,Baseline
54.54545454545455,10646.562288169056,14722.350064180875,74631.08764765011,Baseline
55.55555555555556,10197.399449715589,13734.702354105013,76067.89819617945,Baseline
56.56565656565657,9795.725574287035,12796.822699685408,77407.45172602759,Baseline
57.57575757575758,9435.93604905394,11909.25423969123,78654.80971125486,Baseline
58.58585858585859,9113.147779691748,11071.802466836129,79815.04975347215,Baseline
59.5959595959596,8823.103586079062,10283.696938673089,80893.1994752479,Baseline
60.60606060606061,8562.088218067847,9543.726407024777,81894.18537490742,Baseline
61.61616161616162,8326.855116014667,8850.350742986398,82822.79414099897,Baseline
62.62626262626263,8114.562973170346,8201.792799956784,83683.64422687293,Baseline
63.63636363636364,7922.72092319353,7596.113256201614,84481.16582060492,Baseline
64.64646464646465,7749.141352409363,7031.27102404478,85219.5876235459,Baseline
65.65656565656566,7591.8993195495505,6505.171572207867,85902.92910824264,Baseline
66.66666666666667,7449.297701728661,6015.705173617549,86534.99712465383,Baseline
67.67676767676768,7319.837269867206,5560.776773299078,87119.38595683376,Baseline
68.68686868686869,7202.1909498931345,5138.329082202761,87659.47996790416,Baseline
69.6969696969697,7095.181740589137,4746.359895076421,88158.45836433451,Baseline
70.70707070707071,6997.763723106665,4382.934773322931,88619.30150357046,Baseline
71.71717171717172,6909.00566101251,4046.1962018440972,89044.79813714344,Baseline
72.72727272727273,6828.076882583764,3734.3695812688793,89437.5535361474,Baseline
73.73737373737374,6754.235085672836,3445.766843220155,89799.99807110705,Baseline
74.74747474747475,6686.815747783952,3178.7882200111017,90134.396032205,Baseline
75.75757575757576,6625.222995622692,2931.922393979339,90442.85461039802,Baseline
76.76767676767678,6568.921649277405,2703.7455969518383,90727.33275377081,Baseline
77.77777777777779,6517.430285074132,2492.9197614292725,90989.64995349666,Baseline
78.7878787878788,6470.3152058860305,2298.19002428182,91231.4947698322,Baseline
79.7979797979798,6427.185160665271,2118.381754295441,91454.43308503936,Baseline
80.80808080808082,6387.686717624293,1952.3972390545916,91659.91604332118,Baseline
81.81818181818183,6351.500209932192,1799.2121430104876,91849.2876470574,Baseline
82.82828282828284,6318.336164152328,1657.871851902397,92023.79198394534,Baseline
83.83838383838385,6287.9321541444215,1527.4877665082174,92184.58007934743,Baseline
84.84848484848486,6260.050024626522,1407.2335960425996,92332.71637933094,Baseline
85.85858585858587,6234.4734301582275,1296.3417095370216,92469.18486030483,Baseline
86.86868686868688,6211.005655065578,1194.0995742194698,92594.89477071502,Baseline
87.87878787878789,6189.467680503168,1099.8462926542036,92710.6860268427,Baseline
88.8888888888889,6169.696453096143,1012.9692962204923,92817.33425068343,Baseline
89.89898989898991,6151.543352721504,932.9011516448794,92915.55549563369,Baseline
90.90909090909092,6134.872817079634,859.116531283274,93006.01065163716,Baseline
91.91919191919193,6119.561111911892,791.1293388644649,93089.30954922372,Baseline
92.92929292929294,6105.495230541716,728.4899849537451,93166.01478450462,Baseline
93.93939393939395,6092.571902938392,670.7828219228581,93236.64527513883,Baseline
94.94949494949496,6080.696708049186,617.6237256530214,93301.67956629787,Baseline
95.95959595959597,6069.783271202423,568.6578294354256,93361.55889936224,Baseline
96.96969696969697,6059.752542760987,523.557399065159,93416.69005817393,Baseline
97.97979797979798,6050.532146218168,482.0198464460138,93467.4480073359,Baseline
98.98989898989899,6042.05578776348,443.7658733532103,93514.1783388834,Baseline
100.0,6034.262723520568,408.5377401367773,93557.19953634274,Baseline
0.0,99900.0,100.0,0.0,High Infection
1.0101010101010102,99837.86848825899,149.6889009872675,12.442610753707749,High Infection
2.0202020202020203,99744.95466119943,223.98111874956757,31.06422005094401,High Infection
3.0303030303030303,99606.128241266,334.95187006942666,58.91988866451223,High Infection
4.040404040404041,99398.9704211186,500.47097906650504,100.5585998148157,High Infection
5.050505050505051,99090.44460888374,746.8219765260819,162.73341459010106,High Infection
6.0606060606060606,98632.26785904245,1112.3077898048855,255.42435115258178,High Infection
7.070707070707071,97954.74733639038,1651.9711432054728,393.2815204040424,High Infection
8.080808080808081,96959.16370289706,2443.2405126926615,597.5957844101869,High Infection
9.090909090909092,95509.63993581416,3591.510017044254,898.8500471414923,High Infection
10.101010101010102,93427.26471958481,5233.0058732966145,1339.7294071185026,High Infection
11.111111111111112,90492.43180928721,7529.498889571084,1978.069301141627,High Infection
12.121212121212121,86465.43406018437,10646.06682362004,2888.499116195514,High Infection
13.131313131313131,81137.20215168764,14702.235766681215,4160.562081631062,High Infection
14.141414141414142,74414.31535337378,19695.257767303963,5890.426879322167,High Infection
15.151515151515152,66417.20870858301,25418.52137906306,8164.269912353835,High Infection
16.161616161616163,57535.48134186919,31429.1612068536,11035.357451277107,High Infection
17.171717171717173,48377.19864760381,37119.97936387082,14502.821988525273,High Infection
18.181818181818183,39607.3432641975,41889.553624440225,18503.10311136218,High Infection
19.191919191919194,31758.81391139484,45321.19820140522,22919.987887199874,High Infection
20.202020202020204,25121.794014831838,47269.5272842556,27608.6787009125,High Infection
21.212121212121215,19747.86616407936,47829.648773018795,32422.485062901782,High Infection
22.222222222222225,15526.438621083988,47241.053248902375,37232.50813001357,High Infection
23.232323232323235,12271.902045797966,45790.94955501323,41937.14839918875,High Infection
24.242424242424242,9786.472887302296,43750.15594375968,46463.37116893796,High Infection
25.252525252525253,7893.222197980605,41343.47321979504,50763.30458222429,High Infection
26.262626262626263,6447.635268418337,38743.24001116127,54809.124720420325,High Infection
27.272727272727273,5337.577242253988,36074.46586463418,58587.956893111776,High Infection
28.282828282828284,4478.519769037108,33423.93791203297,62097.54231892986,High Infection
29.292929292929294,3807.7069233761704,30849.441975379003,65342.85110124476,High Infection
30.303030303030305,3278.8462089674294,28387.591496645746,68333.56229438678,High Infection
31.313131313131315,2857.8148853432167,26059.937030197925,71082.2480844588,High Infection
32.323232323232325,2519.385458194321,23877.520376706245,73603.09416509938,High Infection
33.333333333333336,2244.8057768633435,21844.179899044302,75911.01432409229,High Infection
34.343434343434346,2020.0399270827152,19958.9111955863,78021.04887733093,High Infection
35.35353535353536,1834.4991193897222,18217.536184236633,79947.96469637359,High Infection
36.36363636363637,1680.1277821724857,16613.87488285898,81705.99733496849,High Infection
37.37373737373738,1550.7444196749823,15140.562986912448,83308.69259341252,High Infection
38.38383838383839,1441.5643104397868,13789.618411299243,84768.81727826092,High Infection
39.3939393939394,1348.8519581442874,12552.830348808804,86098.31769304686,High Infection
40.40404040404041,1269.6663882726045,11422.022882847654,87308.31072887969,High Infection
41.41414141414142,1201.6731487108068,10389.229999234574,88409.09685205457,High Infection
42.42424242424243,1143.004530492597,9446.808046655367,89410.18742285199,High Infection
43.43434343434344,1092.154847267989,8587.50412709684,90320.34102563513,High Infection
44.44444444444445,1047.9013693178772,7804.493588976392,91147.6050417057,High Infection
45.45454545454546,1009.2441932489616,7091.395941232725,91899.35986551829,High Infection
46.46464646464647,975.3601662226387,6442.275913398627,92582.3639203787,High Infection
47.47474747474748,945.5673229094216,5851.634428869949,93202.7982482206,High Infection
48.484848484848484,919.2972429345263,5314.39293740707,93766.30981965839,High Infection
49.494949494949495,896.0734204491797,4825.873546126506,94278.0530334243,High Infection
50.505050505050505,875.4942205959042,4381.776700585162,94742.72907881891,High Infection
51.515151515151516,857.219366944789,3978.1576673264217,95164.62296572878,High Infection
52.525252525252526,840.9591596032118,3611.4026772992925,95547.6381630975,High Infection
53.535353535353536,826.4658221204551,3278.205345235805,95895.32883264373,High Infection
54.54545454545455,813.5265150675455,2975.54377023771,96210.92971469474,High Infection
55.55555555555556,801.9576640026494,2700.65858876308,96497.38374723426,High Infection
56.56565656565657,791.6003293789897,2451.032148604254,96757.36752201675,High Infection
57.57575757575758,782.3164076540075,2224.3688924900757,96993.31469985591,High Infection
58.58585858585859,773.9854944899257,2018.5769999241074,97207.43750558596,High Infection
59.5959595959596,766.5022907050575,1831.7512758138807,97401.74643348105,High Infection
60.60606060606061,759.7744363996259,1662.1572773799446,97578.06828622041,High Infection
61.61616161616162,753.7207008236475,1508.2166277773117,97738.06267139904,High Infection
62.62626262626263,748.2694619320862,1368.493466554934,97883.23707151297,High Infection
63.63636363636364,743.3574209626428,1241.6819777530318,98014.96060128431,High Infection
64.64646464646465,738.9285138065458,1126.5949295835014,98134.47655660994,High Infection
65.65656565656566,734.932984755314,1022.1531620307431,98242.91385321393,High Infection
66.66666666666667,731.3265948094485,927.3759547742703,98341.29745041627,High Infection
67.67676767676768,728.0699426164407,841.3722150123067,98430.55784237124,High Infection
68.68686868686869,725.1278802538735,763.3324213475662,98511.53969839854,High Infection
69.6969696969697,722.4690087170387,692.521266105453,98585.00972517749,High Infection
70.70707070707071,720.0652406469871,628.2709403905066,98651.6638189625,High Infection
71.71717171717172,717.8914204027438,569.9750100295412,98712.1335695677,High Infection
72.72727272727273,715.9249925440304,517.082834081376,98766.99217337457,High Infection
73.73737373737374,714.1457126534019,469.0944790350423,98816.75980831153,High Infection
74.74747474747475,712.5353931269294,425.55608856655056,98861.90851830649,High Infection
75.75757575757576,711.0776803048547,386.0556684196911,98902.86665127543,High Infection
76.76767676767678,709.7578580245739,350.21925108764617,98940.02289088776,High Infection
77.77777777777779,708.5626740368466,317.7074073724078,98973.72991859072,High Infection
78.7878787878788,707.4801866005138,288.21207373520895,99004.30773966426,High Infection
79.7979797979798,706.4996283606449,261.45366812141333,99032.04670351793,High Infection
80.80808080808082,705.6112856363454,237.1784684144012,99057.21024594925,High Infection
81.81818181818183,704.8063909123832,215.1562299888947,99080.0373790987,High Infection
82.82828282828284,704.0770270663578,195.178021014182,99100.74495191943,High Infection
83.83838383838385,703.4160419685929,177.05425609528567,99119.5297019361,High Infection
84.84848484848486,702.8169721155264,160.61291007453102,99136.57011780991,High Infection
85.85858585858587,702.2739743128883,145.69789573232873,99152.02812995475,High Infection
86.86868686868688,701.7817645198727,132.16759077274412,99166.05064470734,High Infection
87.87878787878789,701.3355629752801,119.89350020095124,99178.77093682373,High Infection
88.8888888888889,700.9310449506415,108.75904183126863,99190.30991321805,High Infection
89.89898989898991,700.5642965263415,98.65844387521878,99200.7772595984,High Infection
90.90909090909092,700.2317748065943,89.49574408892572,99210.27248110443,High Infection
91.91919191919193,699.9302721230936,81.18388128827777,99218.88584658857,High Infection
92.92929292929294,699.6568838120892,73.64387086290853,99226.69924532495,High Infection
93.93939393939395,699.4089791668938,66.80405637908994,99233.78696445396,High Infection
94.94949494949496,699.1841752510436,60.599430378508984,99240.21639437039,High Infection
95.95959595959597,698.9803132819542,54.97101806662971,99246.04866865136,High Infection
96.96969696969697,698.7954373085827,49.86531795350219,99251.33924473786,High Infection
97.97979797979798,698.6277749599902,45.23379427688126,99256.13843076307,High Infection
98.98989898989899,698.4757200587817,41.03241647320436,99260.49186346795,High Infection
100.0,698.3378169061131,37.22124126541377,99264.44094182842,High Infection
0.0,99900.0,100.0,0.0,High Recovery
1.0101010101010102,99868.15603680545,110.59001621307759,21.25394698151615,High Recovery
2.0202020202020203,99832.95339928621,122.28910352946673,44.75749718436223,High Recovery
3.0303030303030303,99794.04337739742,135.21064154705226,70.74598105556132,High Recovery
4.040404040404041,99751.04229148467,149.47898166606495,99.47872684929753,High Recovery
5.050505050505051,99703.52826046706,165.23036992716536,131.24136960578255,High Recovery
6.0606060606060606,99651.03773306734,182.61391526288662,166.34835166978803,High Recovery
7.070707070707071,99593.06178117495,201.79259698192217,205.1456218431524,High Recovery
8.080808080808081,99529.04215263519,222.94430321959695,248.01354414524545,High Recovery
9.090909090909092,99458.36710215753,246.26288733921405,295.37001050328786,High Recovery
10.101010101010102,99380.36699500782,271.9592277022998,347.67377728991914,High Recovery
11.111111111111112,99294.30971482785,300.2622688818257,405.4280162903518,High Recovery
12.121212121212121,99199.39592881358,331.42001551841867,469.18405566803875,High Recovery
13.131313131313131,99094.75422416613,365.70044794352094,539.545327890379,High Recovery
14.141414141414142,98979.43619439131,403.3923159105352,617.1714896981881,High Recovery
15.151515151515152,98852.41155876545,444.80575830604073,702.7826829285342,High Recovery
16.161616161616163,98712.56341393315,490.2726871215754,797.1638989453099,High Recovery
17.171717171717173,98558.68374845275,540.1468608902632,901.1693906570304,High Recovery
18.181818181818183,98389.46938011648,594.8035593477656,1015.7270605357897,High Recovery
19.191919191919194,98203.51850865892,654.6387571189247,1141.8427342221923,High Recovery
20.202020202020204,97999.3281143053,720.0676788138794,1280.6042068808636,High Recovery
21.212121212121215,97775.29247345886,791.5226024753641,1433.184924065834,High Recovery
22.222222222222225,97529.7031049204,869.4497641412761,1600.8471309383945,High Recovery
23.232323232323235,97260.75050446988,954.3052030949004,1784.9442924352943,High Recovery
24.242424242424242,96966.52806760205,1046.5493787183614,1986.922553679669,High Recovery
25.252525252525253,96645.03867086295,1146.640370669083,2208.3209584680535,High Recovery
26.262626262626263,96294.20430442288,1255.0255279713629,2450.7701676058477,High Recovery
27.272727272727273,95911.87932385401,1372.131374244798,2715.9893019012698,High Recovery
28.282828282828284,95495.86780150881,1498.3516477752178,3005.780550716063,High Recovery
29.292929292929294,95043.94541551375,1634.033402656966,3322.021181829369,High Recovery
30.303030303030305,94553.88631514575,1779.461143992126,3666.6525408622156,High Recovery
31.313131313131315,94023.49528086584,1934.8390679841418,4041.6656511500987,High Recovery
32.323232323232325,93450.64535877675,2100.271591768334,4449.083049455004,High Recovery
33.333333333333336,92833.32095488739,2275.7425028540783,4890.936542258614,High Recovery
34.343434343434346,92169.66613052945,2461.093218776613,5369.240650694016,High Recovery
35.35353535353536,91458.03753876606,2656.000833289163,5885.961627944862,High Recovery
36.36363636363637,90697.06107762628,2859.9568299464236,6442.982092427388,High Recovery
37.37373737373738,89885.69094925627,3072.2475340805895,7042.061516663226,High Recovery
38.38383838383839,89023.26940687482,3291.9375488806495,7684.793044244627,High Recovery
39.3939393939394,88109.58505721344,3517.857559290349,8372.557383496318,High Recovery
40.40404040404041,87144.9272708199,3748.5979358844993,9106.4747932957,High Recovery
41.41414141414142,86130.13397420512,3982.5095490340773,9887.356476760919,High Recovery
42.42424242424243,85066.62987761147,4217.713102545735,10715.657019842909,High Recovery
43.43434343434344,83956.45250791321,4452.117900831237,11591.42959125567,High Recovery
44.44444444444445,82802.26335899554,4683.450666235029,12514.285974769558,High Recovery
45.45454545454546,81607.34205443312,4909.294483055798,13483.363462511212,High Recovery
46.46464646464647,80375.56222006213,5127.1372067739085,14497.30057316409,High Recovery
47.47474747474748,79111.3485092561,5334.4280777726635,15554.223412971358,High Recovery
48.484848484848484,77819.61530549085,5528.640568831031,16651.74412567824,High Recovery
49.494949494949495,76505.68858684642,5707.338931608628,17786.972481545083,High Recovery
50.505050505050505,75175.21360651866,5868.245373262317,18956.54102021914,High Recovery
51.515151515151516,73834.05182924669,6009.304617848009,20156.643552905418,High Recovery
52.525252525252526,72488.17120179844,6128.742637728497,21383.086160473187,High Recovery
53.535353535353536,71143.53430796175,6225.1164614617,22631.34923057669,High Recovery
54.54545454545455,69805.9889775977,6297.352599224169,23896.658423178254,High Recovery
55.55555555555556,68481.16561374406,6344.77229905996,25174.0620871961,High Recovery
56.56565656565657,67174.38493314004,6367.102678528363,26458.512388331717,High Recovery
57.57575757575758,65890.57923587596,6364.473551031345,27744.94721309281,High Recovery
58.58585858585859,64634.229143232085,6337.400805109875,29028.370051658163,High Recovery
59.5959595959596,63409.316896652985,6286.757794437449,30303.925308909696,High Recovery
60.60606060606061,62219.296451367045,6213.736818344842,31566.966730288244,High Recovery
61.61616161616162,61067.07962193997,6119.803050459492,32813.117327600674,High Recovery
62.62626262626263,59955.03682595374,6006.643745183439,34038.319428862946,High Recovery
63.63636363636364,58885.010907029224,5876.114915987364,35238.87417698354,High Recovery
64.64646464646465,57858.3414778046,5730.1882983315145,36411.47022386402,High Recovery
65.65656565656566,56875.89760689877,5570.900440119081,37553.20195298228,High Recovery
66.66666666666667,55938.116862571624,5400.305454112773,38661.577683315736,High Recovery
67.67676767676768,55045.048075174396,5220.433033577318,39734.518891248415,High Recovery
68.68686868686869,54196.3962260615,5033.252216073285,40770.35155786534,High Recovery
69.6969696969697,53391.567879700044,4840.641408333363,41767.79071196672,High Recovery
70.70707070707071,52629.71552176958,4644.364810172701,42725.919668057846,High Recovery
71.71717171717172,51909.78002935232,4446.0548622538745,43644.165108393936,High Recovery
72.72727272727273,51230.53043166098,4247.200442228602,44522.26912611055,High Recovery
73.73737373737374,50590.600388876686,4049.140117399403,45360.25949372405,High Recovery
74.74747474747475,49988.52120393181,3853.0597961182166,46158.41899995011,High Recovery
75.75757575757576,49422.75115591095,3659.9941727482696,46917.254671340925,High Recovery
76.76767676767678,48891.70122916512,3470.8311281019573,47637.467642733056,High Recovery
77.77777777777779,48393.757368517756,3286.3184881154602,48319.924143366916,High Recovery
78.7878787878788,47927.29940048311,3107.0725637511655,48965.628035765854,High Recovery
79.7979797979798,47490.716939434664,2933.5878432808986,49575.69521728456,High Recovery
80.80808080808082,47082.42252590559,2766.247426775368,50151.33004731917,High Recovery
81.81818181818183,46700.862255669876,2605.333807930576,50693.80393639967,High Recovery
82.82828282828284,46344.52423507307,2451.0396517202653,51204.43611320679,High Recovery
83.83838383838385,46011.94511228899,2303.4783461677052,51684.57654154343,High Recovery
84.84848484848486,45701.71493453146,2162.694122206426,52135.59094326224,High Recovery
85.85858585858587,45412.480596419424,2028.6716026171746,52558.84780096354,High Recovery
86.86868686868688,45142.948081175025,1901.3446955671573,52955.70722325795,High Recovery
87.87878787878789,44891.88369427357,1780.6047715706193,53327.51153415595,High Recovery
88.8888888888889,44658.11446116442,1666.3080875564071,53675.57745127932,High Recovery
89.89898989898991,44440.52784231397,1558.2824827781099,54001.18967490806,High Recovery
90.90909090909092,44238.07090504263,1456.3333303521472,54305.59576460536,High Recovery
91.91919191919193,44049.74905300761,1360.2488098651716,54590.002137127354,High Recovery
92.92929292929294,43874.62441682137,1269.8045078129555,54855.57107536582,High Recovery
93.93939393939395,43711.81399399752,1184.7674098954456,55103.41859610717,High Recovery
94.94949494949496,43560.48759536227,1104.8993387823407,55334.613065855534,High Recovery
95.95959595959597,43419.86567034051,1029.959866954779,55550.17446270484,High Recovery
96.96969696969697,43289.21704589122,959.7087774875588,55751.074176621354,High Recovery
97.97979797979798,43167.85662489046,893.9081085166204,55938.235266593045,High Recovery
98.98989898989899,43055.14308127152,832.323829421417,56112.533089307195,High Recovery
100.0,42950.4765645704,774.7271991341157,56274.79623629561,High Recovery
