Day,Susceptible,Infected,Recovered
0.0,999000.0,1000.0,0.0
1.0101010101010102,998664.6412193762,1223.4418362486426,111.91694437534136
2.0202020202020203,998254.5254296589,1496.6414522545974,248.8331180868205
3.0303030303030303,997753.0926597095,1830.5956428127508,416.31169747808696
4.040404040404041,997140.1663103824,2238.6901909777744,621.1434986402099
5.050505050505051,996391.1891036242,2737.1982187333583,871.6126776428592
6.0606060606060606,995476.3101247102,3345.8724102200863,1177.8174650700814
7.070707070707071,994359.3006311296,4088.643414128524,1552.0559547422627
8.080808080808081,992996.2759053708,4994.4357729564745,2009.2883216732555
9.090909090909092,991334.2029336677,6098.109364785886,2567.6877015469818
10.101010101010102,989309.1791255088,7441.5282167476,3249.2926577442313
11.111111111111112,986844.4789996226,9074.74730792776,4080.773692450066
12.121212121212121,983848.385136497,11057.290295310839,5094.32456819268
13.131313131313131,980211.8516813141,13459.463213280369,6328.685105405996
14.141414141414142,975806.0961437789,16363.60913202184,7830.294724199658
15.151515151515152,970480.2851004087,19865.15132916931,9654.563570422391
16.161616161616163,964059.5740757484,24073.196755606903,11867.229168645184
17.171717171717173,956343.8876396442,29110.373818916883,14545.73854143945
18.181818181818183,947107.9777169196,35111.465085429016,17780.557197651968
19.191919191919194,936103.4650766259,42220.278598161036,21676.256325213497
20.202020202020204,923063.7267820904,50584.105423094705,26352.16779481549
21.212121212121215,907712.5850921783,60345.08632989024,31942.32857793197
22.222222222222225,889777.7029020821,71627.92469179849,38594.37240612006
23.232323232323235,869009.295908936,84523.71995408845,46466.9841369761
24.242424242424242,845204.1181848284,99070.34290678019,55725.53890839189
25.252525252525253,818233.5862605384,115230.77349380715,66535.640245655
26.262626262626263,788073.502915263,132872.02679241475,79054.47029232283
27.272727272727273,754831.2120576784,151748.5844156736,93420.20352664858
28.282828282828284,718764.8652577795,171494.96731625256,109740.16742596845
29.292929292929294,680289.242007293,191631.85311558782,128078.90487711964
30.303030303030305,639963.914666219,211588.4220767326,148447.66325704881
31.313131313131315,598462.525245768,230740.5165508441,170796.95820338838
32.323232323232325,556526.0060494335,248460.36633440782,195013.62761615912
33.333333333333336,514906.4447787695,264170.3690193086,220923.18620192242
34.343434343434346,474310.63945889333,277391.9223714724,248297.4381696347
35.35353535353536,435352.2612832841,287781.3138898707,276866.42482684564
36.36363636363637,398519.09051490726,295147.7871183413,306333.1223667519
37.37373737373738,364157.9596508504,299453.0256423858,336389.0147067642
38.38383838383839,332476.2477676593,300794.96665674873,366728.7855755924
39.3939393939394,303556.08478145034,299381.1159640313,397062.7992545189
40.40404040404041,277376.27991225035,295497.1232176336,427126.5968701166
41.41414141414142,253837.22136050812,289475.5834789255,456687.1951605669
42.42424242424243,232785.07240984554,281668.52973449836,485546.3978556566
43.43434343434344,214032.9517811563,272425.44988619006,513541.5983326541
44.44444444444445,197378.0191509309,262077.3134902204,540544.6673588493
45.45454545454546,182614.29017623313,250926.19694877794,566459.5128749895
46.46464646464647,169541.5855136964,239239.57500309404,591218.8394832101
47.47474747474748,157971.27168288626,227248.2077575454,614780.5205595689
48.484848484848484,147729.52491925767,215146.5804591528,637123.89462159
49.494949494949495,138658.78898635015,203095.01405407308,658246.1969595773
50.505050505050505,130617.99247622,191222.74892148326,678159.2586022974
51.515151515151516,123481.9661652599,179631.4896776798,696886.5441570608
52.525252525252526,117140.38638313569,168399.0596333147,714460.5539835502
53.535353535353536,111496.47664638553,157582.93037323107,730920.592980384
54.54545454545455,106465.62165016145,147223.4956362632,746310.882713576
55.55555555555556,101973.99455068057,137347.01769818182,760678.9877511383
56.56565656565657,97957.25668845962,127968.22091623554,774074.5223953056
57.57575757575758,94359.36205844524,119092.5363687337,786548.1015728218
58.58585858585859,91131.47991333739,110718.01877229246,798150.501314371
59.5959595959596,88231.03847290478,102836.96369493612,808931.9978321601
60.60606060606061,85620.88510705487,95437.2587287081,818941.856164238
61.61616161616162,83268.5542997293,88503.50249832074,828227.943201951
62.62626262626263,81145.63297130901,82017.92352893185,836836.4434997601
63.63636363636364,79227.21252814785,75961.12854161162,844811.6589302416
64.64646464646465,77491.4168454058,70312.70664090825,852195.8765136871
65.65656565656566,75918.9965256443,65051.71251837124,859029.2909559854
66.66666666666667,74492.9804062464,60157.048909880556,865349.9706838741
67.67676767676768,73198.37598337416,55607.76550148901,871193.8585151379
68.68686868686869,72021.91267048706,51383.28909196475,876594.7982375494
69.6969696969697,70951.82057140829,47463.5972583692,881584.5821702237
70.70707070707071,69977.6404352248,43829.34598602118,886193.0135787552
71.71717171717172,69090.05988703898,40461.96022711233,890447.9798858498
72.72727272727273,68280.77219357304,37343.69402631744,894375.5337801107
73.73737373737374,67542.35423760976,34457.666809331866,897999.9789530594
74.74747474747475,66868.160863177,31787.880716873817,901343.9584199502
75.75757575757576,66252.23335727713,29319.222637654628,904428.5440050693
76.76767676767678,65689.21989193874,27037.45479587136,907273.325312191
77.77777777777779,65174.30624602188,24929.196540865196,909896.497213114
78.7878787878788,64703.155451534345,22981.899272374194,912314.9452760926
79.7979797979798,64271.85499669126,21183.81667049724,914544.3283328128
80.80808080808082,63876.87056521426,19523.971603012695,916599.1578317742
81.81818181818183,63515.005483481575,17992.12072018178,918492.8737963379
82.82828282828284,63183.36502221978,16578.717881406705,920237.9170963748
83.83838383838385,62879.32491983673,15274.877093857096,921845.7979863075
84.84848484848486,62600.50360849145,14072.335468784773,923327.1609227251
85.85858585858587,62344.73765827939,12963.416652633956,924691.8456890879
86.86868686868688,62110.05991094302,11940.995322952976,925948.9447661052
87.87878787878789,61894.68015961625,10998.462557384104,927106.8572830008
88.8888888888889,61696.967883223144,10129.692636099693,928173.3394806783
89.89898989898991,61515.43687722494,9329.011221766343,929155.5519010099
90.90909090909092,61348.73151867036,8591.165044840867,930060.1034364899
91.91919191919193,61195.61446428898,7911.2931480149155,930893.0923876973
92.92929292929294,61054.95564766983,7284.899639105158,931660.1447132262
93.93939393939395,60925.72237079587,6707.828031576681,932366.4495976287
94.94949494949496,60806.970417412755,6176.237087389475,933016.792495199
95.95959595959597,60697.83604671473,5686.578141964651,933615.5858113219
96.96969696969697,60597.528760804424,5235.573858152804,934166.8973810441
97.97979797979798,60505.32479257936,4820.198347803208,934674.4768596187
98.98989898989899,60420.56120583751,4437.658627996314,935141.7801661675
100.0,60342.6305588873,4085.377310665074,935571.992130449
